{
  "accuracy": 0.072,
  "ndcg_at_3": 0.10330882236071519,
  "ndcg_at_5": 0.12667414489824957,
  "ndcg_at_10": 0.15467698920135678
}